activity_id,published_utc,field,package_value,browser_value,difference,source_url,captured_at_utc,interpretation
7130504162802327553,2023-11-15T10:37:50.748Z,reactions,19,18,-1,https://www.linkedin.com/posts/riadmeddeb_energygovernance-energyfordevelopment-share-7130504161292374016-frXr/,2026-10-02T09:54:34.667Z,Snapshot or UI-count difference. Cause not established; package and browser values retained.
7245551389941149697,2024-09-27T21:54:27.171Z,comment_count,5,4,-1,https://www.linkedin.com/posts/riadmeddeb_sdg7-digital-share-7245551388204634113-9dqN/,2026-10-02T10:00:39.924Z,Snapshot or UI-count difference. Cause not established; package and browser values retained.
7250834346641649664,2024-10-12T11:47:02.200Z,comment_count,2,1,-1,https://www.linkedin.com/posts/riadmeddeb_digital-technologies-from-ai-to-3d-printed-share-7250834343462338564-hVZN/,2026-10-02T10:00:44.591Z,Snapshot or UI-count difference. Cause not established; package and browser values retained.
7257874464170733568,2024-10-31T22:01:57.019Z,comment_count,5,4,-1,https://www.linkedin.com/posts/riadmeddeb_renewables-energy-energyfordevelopment-share-7257874461016707074-9J7k/,2026-10-02T10:00:51.691Z,Snapshot or UI-count difference. Cause not established; package and browser values retained.
7290653652841615360,2025-01-30T08:54:44.604Z,comment_count,11,7,-4,https://www.linkedin.com/posts/riadmeddeb_in-recent-years-digitalization-has-shifted-activity-7290653652841615360-I4-v,2026-10-02T10:04:33.843Z,Snapshot or UI-count difference. Cause not established; package and browser values retained.
7315138721702371328,2025-04-07T22:29:39.927Z,comment_count,6,3,-3,https://www.linkedin.com/posts/riadmeddeb_energyfordevelopment-justtransition-emobility-activity-7315138721702371328-TffJ,2026-10-02T10:09:18.231Z,Snapshot or UI-count difference. Cause not established; package and browser values retained.
7329162804106559488,2025-05-16T15:16:21.731Z,comment_count,10,9,-1,https://www.linkedin.com/posts/riadmeddeb_in-2024925-of-all-new-power-generation-activity-7329162804106559488-Z-fM,2026-10-02T10:09:42.227Z,Snapshot or UI-count difference. Cause not established; package and browser values retained.
7336039035271892992,2025-06-04T14:40:02.989Z,comment_count,3,1,-2,https://www.linkedin.com/posts/riadmeddeb_energyfordevelopment-cooling-datacenters-ugcPost-7336039023590756352-UgMs/,2026-10-02T10:11:18.690Z,Snapshot or UI-count difference. Cause not established; package and browser values retained.
7337535457192271872,2025-06-08T17:46:17.774Z,comment_count,5,4,-1,https://www.linkedin.com/posts/riadmeddeb_energyfordevelopment-decentralizedrenewableenergy-activity-7337535457192271872-_i47,2026-10-02T10:12:42.056Z,Snapshot or UI-count difference. Cause not established; package and browser values retained.
7337969383392129024,2025-06-09T22:30:33.819Z,comment_count,2,1,-1,https://www.linkedin.com/posts/riadmeddeb_worldoceansday-unoc3-saveourocean-share-7337969379449491456-XRJ6/,2026-10-02T10:12:45.747Z,Snapshot or UI-count difference. Cause not established; package and browser values retained.
7338570844350177280,2025-06-11T14:20:33.307Z,comment_count,2,1,-1,https://www.linkedin.com/posts/riadmeddeb_ocean-energyfordevelopment-unoc3-activity-7338570844350177280-5cZv,2026-10-02T10:12:57.303Z,Snapshot or UI-count difference. Cause not established; package and browser values retained.
7339018902678503425,2025-06-12T20:00:58.717Z,comment_count,7,6,-1,https://www.linkedin.com/posts/riadmeddeb_energyfordevelopment-unoc3-waveenergy-activity-7339018902678503425-Wi6x,2026-10-02T10:13:27.693Z,Snapshot or UI-count difference. Cause not established; package and browser values retained.
7344686287796224000,2025-06-28T11:21:08.646Z,comment_count,4,1,-3,https://www.linkedin.com/posts/riadmeddeb_sdg7-energyfordevelopment-sdg7-activity-7344686287796224000-WmKE,2026-10-02T10:13:33.529Z,Snapshot or UI-count difference. Cause not established; package and browser values retained.
7346503980228730880,2025-07-03T11:44:00.298Z,comment_count,6,2,-4,https://www.linkedin.com/posts/riadmeddeb_ffd4-energyfordevelopment-southsouth-activity-7346503980228730880-FOSH,2026-10-02T10:13:46.646Z,Snapshot or UI-count difference. Cause not established; package and browser values retained.
7353549808642531333,2025-07-22T22:21:36.693Z,comment_count,3,2,-1,https://www.linkedin.com/posts/riadmeddeb_energyfordevelopment-justtransition-climateaction-activity-7353549808642531333-gHKg,2026-10-02T10:20:03.067Z,Snapshot or UI-count difference. Cause not established; package and browser values retained.
7354265408733888512,2025-07-24T21:45:09.054Z,comment_count,2,1,-1,https://www.linkedin.com/posts/riadmeddeb_energyfordevelopment-hlpf2025-sdg2-activity-7354265408733888512--gfM,2026-10-02T10:20:07.855Z,Snapshot or UI-count difference. Cause not established; package and browser values retained.
7356101769145241600,2025-07-29T23:22:11.492Z,comment_count,4,3,-1,https://www.linkedin.com/posts/riadmeddeb_digitalization-energy-energyfordevelopment-ugcPost-7356101760404340737-Akdw/,2026-10-02T10:20:15.977Z,Snapshot or UI-count difference. Cause not established; package and browser values retained.
7358141373180440578,2025-08-04T14:26:50.995Z,comment_count,6,5,-1,https://www.linkedin.com/posts/riadmeddeb_energyfordevelopment-sustainableai-datacenters-ugcPost-7358141364326260737-X5k5/,2026-10-02T10:21:21.587Z,Snapshot or UI-count difference. Cause not established; package and browser values retained.
7358973745874509824,2025-08-06T21:34:24.109Z,comment_count,5,4,-1,https://www.linkedin.com/posts/riadmeddeb_energyfordevelopment-justtransition-southsouthcooperation-ugcPost-7358973735611105280-JDUM/,2026-10-02T10:21:36.077Z,Snapshot or UI-count difference. Cause not established; package and browser values retained.
7359703024853819393,2025-08-08T21:52:17.761Z,comment_count,9,5,-4,https://www.linkedin.com/posts/riadmeddeb_energyfordevelopment-digitalfordevelopment-activity-7359703024853819393-a2GR,2026-10-02T10:22:27.908Z,Snapshot or UI-count difference. Cause not established; package and browser values retained.
7360040549581561857,2025-08-09T20:13:29.931Z,comment_count,7,6,-1,https://www.linkedin.com/posts/riadmeddeb_energyfordevelopment-sustainableai-digitalfordevelopment-ugcPost-7360040530073853953-rh3Q/,2026-10-02T10:22:49.491Z,Snapshot or UI-count difference. Cause not established; package and browser values retained.
7370955597921398784,2025-09-08T23:06:00.231Z,comment_count,2,1,-1,https://www.linkedin.com/posts/riadmeddeb_energyfordevelopment-energytransition-activity-7370955597921398784-3lID,2026-10-02T10:22:58.776Z,Snapshot or UI-count difference. Cause not established; package and browser values retained.
7371023816606662656,2025-09-09T03:37:04.852Z,comment_count,5,4,-1,https://www.linkedin.com/posts/riadmeddeb_energyfordevelopment-justtransition-sustainableenergy-activity-7371023816606662656-s7At,2026-10-02T10:24:04.819Z,Snapshot or UI-count difference. Cause not established; package and browser values retained.
7371459526245490688,2025-09-10T08:28:26.113Z,comment_count,4,3,-1,https://www.linkedin.com/posts/riadmeddeb_energyfordevelopment-justtransition-southsouthcooperation-share-7371459522516918272-iwyC/,2026-10-02T10:25:04.540Z,Snapshot or UI-count difference. Cause not established; package and browser values retained.
7372659758480400385,2025-09-13T15:57:43.785Z,comment_count,2,1,-1,https://www.linkedin.com/posts/riadmeddeb_energyfordevelopment-sustainablefinance-activity-7372659758480400385-ipHo,2026-10-02T10:25:14.408Z,Snapshot or UI-count difference. Cause not established; package and browser values retained.
7374899011771867136,2025-09-19T20:15:43.384Z,comment_count,16,14,-2,https://www.linkedin.com/posts/riadmeddeb_greenhydrogen-energytransition-justtransition-ugcPost-7374898914388512768-j9uW/,2026-10-02T10:48:17.403Z,Snapshot or UI-count difference. Cause not established; package and browser values retained.
7375341187412545536,2025-09-21T01:32:46.261Z,comment_count,9,8,-1,https://www.linkedin.com/posts/riadmeddeb_energyfordevelopment-unga80-aiforgood-ugcPost-7375341121633148928-azf-/,2026-10-02T10:48:28.982Z,Snapshot or UI-count difference. Cause not established; package and browser values retained.
7376355474730029056,2025-09-23T20:43:11.199Z,comment_count,9,8,-1,https://www.linkedin.com/posts/riadmeddeb_energyfordevelopment-carbonfreeenergy-climateaction-share-7376355472708255744-uLHM/,2026-10-02T10:48:38.969Z,Snapshot or UI-count difference. Cause not established; package and browser values retained.
7376703876332425220,2025-09-24T19:47:36.614Z,comment_count,11,10,-1,https://www.linkedin.com/posts/riadmeddeb_energyfordevelopment-planetaryintelligence-share-7376703871697715200-VZss/,2026-10-02T10:48:49.398Z,Snapshot or UI-count difference. Cause not established; package and browser values retained.
7376924935765659648,2025-09-25T10:26:01.285Z,comment_count,5,4,-1,https://www.linkedin.com/posts/riadmeddeb_digitalization-ai-energyfordevelopment-share-7376924933584551936-PKPT/,2026-10-02T10:48:57.654Z,Snapshot or UI-count difference. Cause not established; package and browser values retained.
7377322296384069632,2025-09-26T12:44:59.443Z,comment_count,6,5,-1,https://www.linkedin.com/posts/riadmeddeb_unga80-energy-ai-share-7377322294374862848-KaEV/,2026-10-02T10:49:30.888Z,Snapshot or UI-count difference. Cause not established; package and browser values retained.
7384254313222815744,2025-10-15T15:50:21.065Z,comment_count,7,6,-1,https://www.linkedin.com/posts/riadmeddeb_greenhydrogen-justtransition-energyfordevelopment-ugcPost-7384254062046920704-pXCT/,2026-10-02T10:49:55.650Z,Snapshot or UI-count difference. Cause not established; package and browser values retained.
7415574622148239360,2026-01-10T02:06:04.615Z,comment_count,5,4,-1,https://www.linkedin.com/posts/riadmeddeb_ai-energy-digital-activity-7415574622148239360-sVfo,2026-10-02T10:51:25.069Z,Snapshot or UI-count difference. Cause not established; package and browser values retained.
7432896351631339520,2026-02-26T21:16:26.740Z,comment_count,7,5,-2,https://www.linkedin.com/posts/riadmeddeb_energyfordevelopment-justenergytransition-activity-7432896351631339520-KAPl,2026-10-02T10:08:12.989Z,Snapshot or UI-count difference. Cause not established; package and browser values retained.
7442093454630801408,2026-03-24T06:22:26.976Z,comment_count,7,6,-1,https://www.linkedin.com/posts/riadmeddeb_sdg7-sdg7-energyfordevelopment-share-7442093452848189440-mPSZ/,2026-10-02T10:09:25.434Z,Snapshot or UI-count difference. Cause not established; package and browser values retained.
7453409513925185536,2026-04-24T11:48:25.750Z,reactions,62,63,1,https://www.linkedin.com/posts/riadmeddeb_join-us-for-a-just-energy-transiton-activity-7453409513925185536-jkmx,2026-10-02T10:14:27.010Z,Snapshot or UI-count difference. Cause not established; package and browser values retained.
7505741384595927041,2026-09-15T21:36:35.998Z,reactions,25,26,1,https://www.linkedin.com/posts/riadmeddeb_energyfordevelopment-justenergytransition-activity-7505741384595927041-aq8P,2026-10-02T10:54:52.434Z,Snapshot or UI-count difference. Cause not established; package and browser values retained.
