figure_id,figure_number,title,original_source,original_docx_media,html_source,svg_file,png_file,svg_sha256,png_sha256,word_report,word_figure,word_page,basis
f01,1,Recovered posts across time,01_coverage,word/media/image1.png,Visual_Gallery.html#f01,d3_figures/f01.svg,d3_figures/f01.png,7b089ed9d66db1c0fedc3c8cebb021592beff1eadac371d756b79aeb5b52fa3e,c21ca4b56b634499a1b16a74d8724978946ff94cac7828913add4430e620da3d,Riad_Meddeb_LinkedIn_Visual_Analysis.docx,Figure 01,2,277 records and the original 235 caption sample
f02,2,Reactions and comments over time,02_trends,word/media/image2.png,Visual_Gallery.html#f02,d3_figures/f02.svg,d3_figures/f02.png,934aa8fd48421ec16b781deded3d4c268839b7102e4227fe2941b11f2d864718,b000deefda751d550dacfce2641ed3185459e95fdee0477282a7460398b24e46,Riad_Meddeb_LinkedIn_Visual_Analysis.docx,Figure 02,3,235 eligible original captions
f03,3,The monthly response calendar,03_monthly_heatmaps,word/media/image3.png,Visual_Gallery.html#f03,d3_figures/f03.svg,d3_figures/f03.png,8960085eba6d1589a44f63312720ef427ba4fc3dc22e41a033b320d741491a27,c0ce111051bc3e95f13b254b51c48422b4c5cb53b747edad1bf790391a85855a,Riad_Meddeb_LinkedIn_Visual_Analysis.docx,Figure 03,4,235 eligible original captions
f04,4,Longer captions and more AI mentions,04_length_ai,word/media/image4.png,Visual_Gallery.html#f04,d3_figures/f04.svg,d3_figures/f04.png,ce297e33122c427e5dae1410c785fb4105872db930a449af8c1e53c603f4092b,3f5c0382f5fef6702dff2c4533a30a0d7c5dc9ac136f5a1978b3c8514bb9d747,Riad_Meddeb_LinkedIn_Visual_Analysis.docx,Figure 04,5,235 eligible original captions
f05,5,Monthly length and public response,05_monthly_scatter,word/media/image5.png,Visual_Gallery.html#f05,d3_figures/f05.svg,d3_figures/f05.png,8c436c06ca47c1b1eff5bb614519081d421f7db7aff9e0c0ab3726149353e111,ed6388de33ffad36a7dafaced1f7f8d8f9962d47ef4185803e0abb76fb3e72e4,Riad_Meddeb_LinkedIn_Visual_Analysis.docx,Figure 05,5,Months with at least 3 eligible captions
f06,6,Ten posts to study closely,Original leaderboard table,,Visual_Gallery.html#f06,d3_figures/f06.svg,d3_figures/f06.png,36b212f0e4ed3dc6fc9b5be59e6b46f6b75cc8386472e8658e53e0b51ceb9111,0b824458eee296bceca96f139223796c690f24f21006cc03336632797e6a2624,Riad_Meddeb_LinkedIn_Visual_Analysis.docx,Figure 06,6,246 rankable original activities
f07,7,Topic mix and share of discussion,07_topic_mix,word/media/image6.png,Visual_Gallery.html#f07,d3_figures/f07.svg,d3_figures/f07.png,9836b83715eab0da4527605ea33e8907282d774570587fad48942d8518fc4947,6808313219440cdc93a57648dd01c7884dea2b19141297d773d9db9b68b15ceb,Riad_Meddeb_LinkedIn_Visual_Analysis.docx,Figure 07,7,235 eligible original captions
f08,8,Topic attention and discussion,08_topic_response,word/media/image7.png,Visual_Gallery.html#f08,d3_figures/f08.svg,d3_figures/f08.png,6f06276021d345e41b5a4b2289cabd50bfba99c489193bda8fde88f1960cc05b,f5d907e6563468c7f4cba09f38d4670d2afbac4f3e3f538ae7ede3e2ea58064c,Riad_Meddeb_LinkedIn_Visual_Analysis.docx,Figure 08,8,Topic groups with at least 5 eligible captions
f09,9,Writing approach and relative response,09_approach,word/media/image8.png,Visual_Gallery.html#f09,d3_figures/f09.svg,d3_figures/f09.png,b4139b2032c0dc3091b1a84e6b4b1825ecfdd68cd3324a0904f2d1fa4da3cd8d,cfc03f34fab4306c5ec89d65eb92df8d6375a6606c42871cdfeaba90b7227a5b,Riad_Meddeb_LinkedIn_Visual_Analysis.docx,Figure 09,9,235 eligible original captions
f10,10,Reactions by topic and approach,10_topic_approach_reactions,word/media/image10.png,Visual_Gallery.html#f10,d3_figures/f10.svg,d3_figures/f10.png,d4990ffb38f965ac80f86d2da5d8fc08661914a10511d05ebd84ae5ba835bd33,415bc65b89b783077082a39a7bb6765a198d890513b3ac0eee71d7c4799488d3,Riad_Meddeb_LinkedIn_Visual_Analysis.docx,Figure 10,10,235 eligible original captions
f11,11,Comments by topic and approach,11_topic_approach_comments,word/media/image11.png,Visual_Gallery.html#f11,d3_figures/f11.svg,d3_figures/f11.png,9b138d8e9a8defd6cb464fc7f700e0c80214f33144fd2af7433ccc03ddb8fada,91d3895063ba54b746e8d7fa367c60e2789242dd415d1c8ebc81544003875d53,Riad_Meddeb_LinkedIn_Visual_Analysis.docx,Figure 11,11,235 eligible original captions
f12,12,Approach differences within each year,12_approach_year,word/media/image9.png,Visual_Gallery.html#f12,d3_figures/f12.svg,d3_figures/f12.png,efe0e1297d4acdc6b6b304f24e87232ce1c17fb87aeef386635045eea65f54b8,297591202af799fd6a7caec557d682f9abbfca5d5bf634896beb74acfa7d7891,Riad_Meddeb_LinkedIn_Visual_Analysis.docx,Figure 12,12,235 eligible original captions
f13,13,How topics become different kinds of posts,13_topic_approach_flow,word/media/image12.png,Visual_Gallery.html#f13,d3_figures/f13.svg,d3_figures/f13.png,7e8516cd0301d43c17cee681fcd3d79d33136810a5d3e32322f8354f65906e3c,df9f869ed508ffcc29cfd162e2f1b14a50ce95eedc80101bc18833faaa8dc005,Riad_Meddeb_LinkedIn_Visual_Analysis.docx,Figure 13,13,235 eligible original captions
f14,14,Topics that appear together,14_topic_network,word/media/image13.png,Visual_Gallery.html#f14,d3_figures/f14.svg,d3_figures/f14.png,8467cac3112fed6625d37332c4061ac9ffb1bd49115575fcc5a48ac6b52403ce,5224945f4498e29f2d474f785243e15de80a053d08b7a91921cda700bd78bd1a,Riad_Meddeb_LinkedIn_Visual_Analysis.docx,Figure 14,14,235 eligible original captions
f15,15,Individual response and its concentration,15_distribution_concentration,word/media/image14.png,Visual_Gallery.html#f15,d3_figures/f15.svg,d3_figures/f15.png,d53ec6a9f53b10a54de650841d945cb92de5d7bb38ae53ab7e8592c916a08470,f9b06959a89727a7affe9892ef3076eff17e7f18481539160e3160aed414b979,Riad_Meddeb_LinkedIn_Visual_Analysis.docx,Figure 15,15,246 rankable original activities
f16,16,Question marks and yearly response,16_questions,word/media/image15.png,Visual_Gallery.html#f16,d3_figures/f16.svg,d3_figures/f16.png,a89370cd77f54e051d4f6fcf38b10c30dcd4288d5e640595ddf26c45b55f2ba1,5574ff974aea47ba6de17b9ced5a65d31e8c400a86adb9ebd41ba23550ef80eb,Riad_Meddeb_LinkedIn_Visual_Analysis.docx,Figure 16,16,235 eligible original captions
f17,17,Similar text can receive different response,17_repeated_posts,word/media/image16.png,Visual_Gallery.html#f17,d3_figures/f17.svg,d3_figures/f17.png,78983e6bc0d535e045b31ba4faf556ec405da616b9b07f4ebbcc9b22c0496a1b,8270682b7c45e6ed9d148864c3acd53b8da17310a9416112ddfcfd691aea3830,Riad_Meddeb_LinkedIn_Visual_Analysis.docx,Figure 17,16,Two selected pairs of original activities
f18,18,What the expanded audit establishes,New analysis,,Visual_Gallery.html#f18,d3_figures/f18.svg,d3_figures/f18.png,28eb65e6d7f4564528ee88b18b07b96bc8af948f9088b332e831e021cc243890,bdea9fc83641044cf1f624649ae9a5d26a0f8ca0cc6c63a9afc8af44c7bcd9c0,Riad_Meddeb_LinkedIn_Visual_Analysis.docx,Figure 18,17,277 expanded records and 256 original checks
f19,19,Every recovered post in chronological order,New analysis,,Visual_Gallery.html#f19,d3_figures/f19.svg,d3_figures/f19.png,dba9bec13d4e539339a7eaad7cf43e260a765a786c590abfcd42492d5a868c8a,e63333b9a123e7ffbdc24905604323463ac0cf76c13313350369b37e54c4f5d7,Riad_Meddeb_LinkedIn_Visual_Analysis.docx,Figure 19,18,All 277 records including one no-image record
f20,20,The complete visual record by topic,New analysis,,Visual_Gallery.html#f20,d3_figures/f20.svg,d3_figures/f20.png,36ae8234dfe779fd968f01df68aba29ea83b31fbe10ad81d0ad26fa40a2c189a,f3a0fec5e05f124ecae766698e99dc9038c5fef205465d1bc9465145d5f213a7,Riad_Meddeb_LinkedIn_Visual_Analysis.docx,Figure 20,19,All 277 records across 9 topic groups
f21,21,The colour character of the archive,New analysis,,Visual_Gallery.html#f21,d3_figures/f21.svg,d3_figures/f21.png,cf956b42acfcd66da8e552d8bc209210305da2a32e7768724bd284309bb577f3,51792749937ee3ed4b420f4831d4dda8f2183c82d5e0f66e5defc5af478f6ad6,Riad_Meddeb_LinkedIn_Visual_Analysis.docx,Figure 21,20,276 saved visuals and one no-image record
f22,22,The leading posts as a visual collection,New analysis,,Visual_Gallery.html#f22,d3_figures/f22.svg,d3_figures/f22.png,7561bf314a8c5f66d5a8eb3dbd21ed18e5b35ff64b4f43a8528c87853f840213,b0ab3500d7a2f38057c5823e9a414e4fa9bb45b2a0e3e2573508f32baa8cdabb,Riad_Meddeb_LinkedIn_Visual_Analysis.docx,Figure 22,21,Top 24 of 246 rankable original activities · R reactions · C comments
f23,23,Topic distributions beyond the median,New analysis,,Visual_Gallery.html#f23,d3_figures/f23.svg,d3_figures/f23.png,3859f4a9c7fe0e01f06a8eae023eb6f210173c3d27f4131f108debe9d6fd1b0c,c5c951f6c9fa685df5ed289e5662a8ff50671703b8f27ac5b9c93857cc98a5de,Riad_Meddeb_LinkedIn_Visual_Analysis.docx,Figure 23,22,235 eligible original captions
f24,24,Caption features as testable hypotheses,New analysis,,Visual_Gallery.html#f24,d3_figures/f24.svg,d3_figures/f24.png,1ffe07b2060dca55393eac995e28c123e6a87f063242491517e764f3cd5a1a2b,c5b371f99c8d69a5129589a925bf318341c046792c88fd81f36e6e1e2d9207fd,Riad_Meddeb_LinkedIn_Visual_Analysis.docx,Figure 24,23,235 eligible original captions
f25,25,Individual caption length and response,New analysis,,Visual_Gallery.html#f25,d3_figures/f25.svg,d3_figures/f25.png,bad8dfc8c16166b6e21c783533ee6cdb317fc191315585b5ac7b7ccd7cafc3d1,0d64421028db6fbc06980c69c5b86feebf74a8a2f0047e74950be15fb39498be,Riad_Meddeb_LinkedIn_Visual_Analysis.docx,Figure 25,23,235 eligible original captions
f26,26,What kinds of main visuals were saved,New analysis,,Visual_Gallery.html#f26,d3_figures/f26.svg,d3_figures/f26.png,a3298023b484ab6cdd409d8f00cdf1d8db6369d78ac3c0cfa5a4da3a91d42ff9,4aca273e5a714766e79609fb60dcda3076a0f64ab9152c878d24fdd6b6400608,Riad_Meddeb_LinkedIn_Visual_Analysis.docx,Figure 26,24,276 saved main visuals
f27,27,All tracked topic co-mentions,New analysis,,Visual_Gallery.html#f27,d3_figures/f27.svg,d3_figures/f27.png,bdf5ac8d4f0ab6197b5bd9ce160b7a45e6c3e5e4eaf8dd855d9460edb09b049a,ea8aa12098d6780da389c8fb0ac34fb11c47f6a55994fd53bb0b376a90415fb8,Riad_Meddeb_LinkedIn_Visual_Analysis.docx,Figure 27,25,235 eligible original captions
f28,28,Original and browser counters compared,New analysis,,Visual_Gallery.html#f28,d3_figures/f28.svg,d3_figures/f28.png,aeb332d517d7a91170d4224d3934472e827c49d552600291660b720724932393,42742685251b8dd9113c641c44ed46df0f33f48e82f55e58c64244c069506ef6,Riad_Meddeb_LinkedIn_Visual_Analysis.docx,Figure 28,26,37 recorded counter differences
f29,29,A practical sequence of editorial tests,New analysis,,Visual_Gallery.html#f29,d3_figures/f29.svg,d3_figures/f29.png,ba1d465b902f76454b54f06aec22915e02d03708d77a15e0f175deec18474588,f9b731afcc85754849c1667886a45be50af35b8101770c0f4c914fa25e47f9e0,Riad_Meddeb_LinkedIn_Visual_Analysis.docx,Figure 29,27,Proposed tests rather than measured outcomes
f30,30,The shapes of the visual archive,New analysis,,Visual_Gallery.html#f30,d3_figures/f30.svg,d3_figures/f30.png,6844799fcc9aedbc1890beb734f99160b01161d3dae817f07914157b8859e251,88428a19f8aaeecb7f9bfa637ecb9f479ebb0fe10970356843163c17725142e5,Riad_Meddeb_LinkedIn_Visual_Analysis.docx,Figure 30,28,276 saved visuals
