year,share_records,with_caption,instant_reposts,cross_table_duplicate_events,verified_originals,verified_reposts_in_shares,share_pages_retrieved,repost_pages_retrieved,saved_share_images,share_reaction_counts,share_comment_counts,pending_share_retrieval
2010,2,2,0,0,0,0,0,0,0,0,0,2
2011,1,1,0,0,0,0,0,0,0,0,0,1
2012,1,1,0,0,0,0,0,0,0,0,0,1
2014,53,16,0,0,0,0,0,0,0,0,0,53
2015,34,4,0,0,0,0,0,0,0,0,0,34
2016,369,52,0,0,0,0,0,0,0,0,0,369
2017,242,48,0,0,0,0,0,0,0,0,0,242
2018,761,456,0,0,0,0,0,0,0,0,0,761
2019,543,363,0,0,0,0,0,0,0,0,0,543
2020,345,213,0,0,0,0,0,0,0,0,0,345
2021,408,270,0,0,0,0,0,0,0,0,0,408
2022,312,164,0,0,0,0,0,0,0,0,0,312
2023,306,102,121,0,129,170,299,115,291,126,128,0
2024,205,195,419,0,204,0,204,406,192,204,204,0
2025,180,173,515,0,179,0,179,514,177,179,179,0
2026,148,145,448,0,148,0,148,447,146,148,148,0
